Identifier,totalProfitPercent,7dUSDProfit,30dUSDProfit,winrate_7d,winrate_30d,tags,directLink
2AKc2u9a7s98ANhYVy889oHNwtv7GZZHTnw99z4B4Db8,-8.52%,$-408.19,$-408.19,?,?,[],https://gmgn.ai/sol/address/2AKc2u9a7s98ANhYVy889oHNwtv7GZZHTnw99z4B4Db8
237wC6fDErWY8LLVWuYvHXUb4sSjX6U8S5Sn1xTrmrp9,29.65%,"$42,015.73","$53,717.46",46.70%,45.86%,[],https://gmgn.ai/sol/address/237wC6fDErWY8LLVWuYvHXUb4sSjX6U8S5Sn1xTrmrp9
24b2yChddXjbuBQHwMQiWKV4quQBvcG4VEX6af9ThxQy,9.20%,"$2,264.53","$1,270.36",?,?,[],https://gmgn.ai/sol/address/24b2yChddXjbuBQHwMQiWKV4quQBvcG4VEX6af9ThxQy
2EZeeF2mGLdHEzE4JRo3VWa7t2w2AX9qyPkZxpuxSBBY,28.86%,$-83.28,$-83.28,?,?,[],https://gmgn.ai/sol/address/2EZeeF2mGLdHEzE4JRo3VWa7t2w2AX9qyPkZxpuxSBBY
2cTXfSUDXfzSRmkojVbquiKqmmH4T6zNmWYq3cAr2snT,14.51%,$648.01,"$11,195.05",100.00%,82.61%,[],https://gmgn.ai/sol/address/2cTXfSUDXfzSRmkojVbquiKqmmH4T6zNmWYq3cAr2snT
28m1Dh8LayPRWfuxazgEwcTxtkzSsYR2bmzqChKyqXgn,12.20%,"$9,276.91","$9,276.91",44.71%,44.71%,[],https://gmgn.ai/sol/address/28m1Dh8LayPRWfuxazgEwcTxtkzSsYR2bmzqChKyqXgn
26d6zD1888ZkDoxDDGoqU2GEgud6f3Hop6o4N6BMfyTX,40.75%,"$10,314.23","$30,595.21",53.79%,58.59%,[],https://gmgn.ai/sol/address/26d6zD1888ZkDoxDDGoqU2GEgud6f3Hop6o4N6BMfyTX
2hLpyZuVEb7tRpKd8qTNPiwUv1oYKWiVu7Bt9fBzpaEZ,13.67%,"$4,278.66","$4,278.66",?,?,[],https://gmgn.ai/sol/address/2hLpyZuVEb7tRpKd8qTNPiwUv1oYKWiVu7Bt9fBzpaEZ
2dkk6ENtfGGh7sgYTWyGDLnjTKv8xgx89LzSbnqf8KeE,9.88%,$508.47,$508.47,45.83%,45.83%,[],https://gmgn.ai/sol/address/2dkk6ENtfGGh7sgYTWyGDLnjTKv8xgx89LzSbnqf8KeE
2WfpDwuSnFTMxYqeWR1ANo2hdms3if7NiZmfJ6Bf5oJp,13.12%,"$36,924.75","$68,979.01",?,?,[],https://gmgn.ai/sol/address/2WfpDwuSnFTMxYqeWR1ANo2hdms3if7NiZmfJ6Bf5oJp
2CQoK2zFChqi2fsJ9rWVRHan6RC1po9AbZ84BWRezTtr,1.11%,$168.05,$168.05,52.17%,52.17%,['fresh_wallet'],https://gmgn.ai/sol/address/2CQoK2zFChqi2fsJ9rWVRHan6RC1po9AbZ84BWRezTtr
2mjp3ZhSQKNFzgGzNNwCNjxA2RwrBmNaUsfBmRkNLX1m,23.48%,$-113.36,$-187.07,?,?,[],https://gmgn.ai/sol/address/2mjp3ZhSQKNFzgGzNNwCNjxA2RwrBmNaUsfBmRkNLX1m
2HsRqj7UTM9VyAySLHgJZ9k7mTYv9m21iXWKT6RvR4hE,7.07%,"$12,410.67","$43,169.30",?,?,[],https://gmgn.ai/sol/address/2HsRqj7UTM9VyAySLHgJZ9k7mTYv9m21iXWKT6RvR4hE
13jJRGTmHk4FMcc3L1JNum1D4B15GicJG6FqfVTmSpST,6.74%,"$16,333.34","$54,100.13",56.29%,56.79%,[],https://gmgn.ai/sol/address/13jJRGTmHk4FMcc3L1JNum1D4B15GicJG6FqfVTmSpST
2GhkSvv4u2shXd1nwotgX1xQKxndJsERAhdvkxTzRTjx,6.60%,$-55.16,$556.69,?,?,[],https://gmgn.ai/sol/address/2GhkSvv4u2shXd1nwotgX1xQKxndJsERAhdvkxTzRTjx
2HcMRFjcsPTvWDam4QjPgyRyLK58wZPp7SuD9mF4LDd7,-34.41%,"$-1,740.84","$-1,845.13",?,?,[],https://gmgn.ai/sol/address/2HcMRFjcsPTvWDam4QjPgyRyLK58wZPp7SuD9mF4LDd7
2ny2zB83hr3QiXW96TBb5LbYFA7nrwZ4h4XSccKknynS,7.04%,"$-2,041.84","$46,252.21",31.58%,47.37%,[],https://gmgn.ai/sol/address/2ny2zB83hr3QiXW96TBb5LbYFA7nrwZ4h4XSccKknynS
2tvWkzY9C7BxwaY24YrCTS5Tv8koWyugDp5dmcv5tCex,5.16%,"$2,542.76","$17,815.15",54.27%,49.22%,[],https://gmgn.ai/sol/address/2tvWkzY9C7BxwaY24YrCTS5Tv8koWyugDp5dmcv5tCex
31ML3FzjoXyjwvArqddrqiGm8VxvcPemAxDVCmEqtG5K,20.29%,$-241.14,$-386.80,66.67%,44.00%,[],https://gmgn.ai/sol/address/31ML3FzjoXyjwvArqddrqiGm8VxvcPemAxDVCmEqtG5K
2uoYXt4aTZpEUGVqyQZzUeDUFtqpqov2zQSmXbsULUCN,1.93%,$38.17,$-223.82,?,?,[],https://gmgn.ai/sol/address/2uoYXt4aTZpEUGVqyQZzUeDUFtqpqov2zQSmXbsULUCN
2s6BZ4f6A83E4tHASp1ExjenT7iCAwUHbiHdL5fXEEku,4.07%,$51.17,$112.51,43.18%,43.04%,[],https://gmgn.ai/sol/address/2s6BZ4f6A83E4tHASp1ExjenT7iCAwUHbiHdL5fXEEku
364R5muxcupcTXnyxT3eWeekf743bnU2JA2VrHD4z2kf,-1.58%,$-40.90,$-40.90,?,?,[],https://gmgn.ai/sol/address/364R5muxcupcTXnyxT3eWeekf743bnU2JA2VrHD4z2kf
3DAkjwu84xDu21zNxAwERB5Gwsdmsm3mk4mKV2ocAXkD,47.49%,$593.35,$593.35,61.54%,61.54%,[],https://gmgn.ai/sol/address/3DAkjwu84xDu21zNxAwERB5Gwsdmsm3mk4mKV2ocAXkD
2CbuKFEPQ9KaGnHSon3sEiwvRxYjo49TCkVQRsjVnzi3,-11.11%,$-590.10,"$-1,713.94",?,?,[],https://gmgn.ai/sol/address/2CbuKFEPQ9KaGnHSon3sEiwvRxYjo49TCkVQRsjVnzi3
3SX1iMUNWAHYQvYeqG2bUedycvJZAcVjRhh4g367GaaU,-4.43%,"$-3,665.60","$-11,972.97",23.16%,23.61%,[],https://gmgn.ai/sol/address/3SX1iMUNWAHYQvYeqG2bUedycvJZAcVjRhh4g367GaaU
3VaB8vk6dNHXQfcQeeyRzWKBiqSiLvGkqtGfj9L9H7v5,17.75%,$503.74,$503.74,?,?,[],https://gmgn.ai/sol/address/3VaB8vk6dNHXQfcQeeyRzWKBiqSiLvGkqtGfj9L9H7v5
3QweLtv6E1NTkzwELDRr7uj73RyP9pE6azkQrp5USb3F,9.07%,"$19,184.26","$33,491.50",59.61%,55.83%,[],https://gmgn.ai/sol/address/3QweLtv6E1NTkzwELDRr7uj73RyP9pE6azkQrp5USb3F
3XJKBPsh5Rh7SW1Nn49qD2aoVoPys5rB7t4WyhH7z98d,6.01%,$388.54,$388.54,59.52%,59.52%,[],https://gmgn.ai/sol/address/3XJKBPsh5Rh7SW1Nn49qD2aoVoPys5rB7t4WyhH7z98d
3abLf88xH6H8N1cLTqHZsfKpAojptmTTGo2aFZs8FhS7,11.94%,$98.24,$418.43,?,?,[],https://gmgn.ai/sol/address/3abLf88xH6H8N1cLTqHZsfKpAojptmTTGo2aFZs8FhS7
3XL6dzFMkR2uKD9oYHM74rLFzRvNpMEFKZ6g9phgX53A,5.13%,"$1,680.97","$9,499.44",?,?,[],https://gmgn.ai/sol/address/3XL6dzFMkR2uKD9oYHM74rLFzRvNpMEFKZ6g9phgX53A
3aN5eQKbDJt4zavVVEG1eKChGB3cWCXMymN5ZAVuY2pZ,13.53%,$-572.62,"$1,684.74",?,?,[],https://gmgn.ai/sol/address/3aN5eQKbDJt4zavVVEG1eKChGB3cWCXMymN5ZAVuY2pZ
3esXEGYJfJ84r6psu6tkSzAb1YqTNZ7pdZW8WBGj8fZ5,7.04%,"$8,101.21","$23,855.80",54.41%,53.99%,['kol'],https://gmgn.ai/sol/address/3esXEGYJfJ84r6psu6tkSzAb1YqTNZ7pdZW8WBGj8fZ5
3j7kzVBfK36jz8XRGJTefiYfXC1eGnPaDU6Y4AtchoAt,0.58%,$80.19,$80.19,?,?,[],https://gmgn.ai/sol/address/3j7kzVBfK36jz8XRGJTefiYfXC1eGnPaDU6Y4AtchoAt
3wsPBoGbJpMkhRUSCxM1nagMVGQAH1ZcDKdtzxaRfNj9,5.45%,$-251.56,"$3,282.74",0.00%,45.95%,[],https://gmgn.ai/sol/address/3wsPBoGbJpMkhRUSCxM1nagMVGQAH1ZcDKdtzxaRfNj9
3pjpB6CQz5gkwMy7XAxStNzrsmdH6pMvXzs8Uy8rqxMk,3.26%,$223.84,$955.60,43.40%,40.35%,[],https://gmgn.ai/sol/address/3pjpB6CQz5gkwMy7XAxStNzrsmdH6pMvXzs8Uy8rqxMk
3tPoxTHESQSxyEyRnrg8exTsZf4jqpqPzHX1gVoytq9n,6.70%,"$6,591.80","$14,273.04",76.90%,77.41%,[],https://gmgn.ai/sol/address/3tPoxTHESQSxyEyRnrg8exTsZf4jqpqPzHX1gVoytq9n
3y3uueteBZVrbXtHY9P1ADPM2dbADVm12oMenCs4DxtR,2.99%,$52.41,"$-1,234.23",?,?,[],https://gmgn.ai/sol/address/3y3uueteBZVrbXtHY9P1ADPM2dbADVm12oMenCs4DxtR
3zW6odCfkmDFtWGhWc2Kp5SEokfprh2gnqLar1wv1WnB,5.99%,"$3,583.21","$43,608.03",35.53%,40.77%,[],https://gmgn.ai/sol/address/3zW6odCfkmDFtWGhWc2Kp5SEokfprh2gnqLar1wv1WnB
3xc7T8w9tGju62DvC6CCFuB8K2463GGFVqjfnV6tMqJQ,20.07%,"$7,039.92","$7,039.92",52.00%,52.00%,['fresh_wallet'],https://gmgn.ai/sol/address/3xc7T8w9tGju62DvC6CCFuB8K2463GGFVqjfnV6tMqJQ
4277v3qPuMLkHdXYx7zQsVnpTiZCEetahVBTiG2TseLg,0.37%,"$2,467.95","$2,467.95",?,?,[],https://gmgn.ai/sol/address/4277v3qPuMLkHdXYx7zQsVnpTiZCEetahVBTiG2TseLg
42RPLA4BLoJGd75Ht95aByprPoJbLAD4Dte3f2rxTqKE,6.32%,"$7,284.11","$30,620.59",58.30%,65.22%,[],https://gmgn.ai/sol/address/42RPLA4BLoJGd75Ht95aByprPoJbLAD4Dte3f2rxTqKE
3F6wEnntTKc35si9WqPRMrApuyMEmgHGxzpkgPrRYRaV,7.01%,"$2,773.50","$11,091.01",?,?,[],https://gmgn.ai/sol/address/3F6wEnntTKc35si9WqPRMrApuyMEmgHGxzpkgPrRYRaV
46Sar5uqEHwoqEcdeXxZWQt9qkKMtkt3Tqxe2jKvMaRw,4.35%,$635.91,$635.91,?,?,[],https://gmgn.ai/sol/address/46Sar5uqEHwoqEcdeXxZWQt9qkKMtkt3Tqxe2jKvMaRw
4DmJ9Lz4X1rbRsgABLPek7YHS8kuYgNSMC4YaVuwihA5,8.06%,"$1,092.13","$4,310.06",45.71%,39.71%,[],https://gmgn.ai/sol/address/4DmJ9Lz4X1rbRsgABLPek7YHS8kuYgNSMC4YaVuwihA5
4MzicNVcdERdDaXM855eAJ5uWWZHTyTaXWjGY6tzLwwt,-61.77%,$-27.09,$-27.09,?,?,[],https://gmgn.ai/sol/address/4MzicNVcdERdDaXM855eAJ5uWWZHTyTaXWjGY6tzLwwt
4LkiTRBXfCepGz8aCEWuKkYPk3rd1zKHtWeB2cxT28jn,4.13%,$193.62,$206.56,?,?,[],https://gmgn.ai/sol/address/4LkiTRBXfCepGz8aCEWuKkYPk3rd1zKHtWeB2cxT28jn
4PPKHBW2X76KHEvsTMYw6zC7bbAN5QF3Ft7CV3PyiYD8,0.58%,$64.68,$64.68,?,?,[],https://gmgn.ai/sol/address/4PPKHBW2X76KHEvsTMYw6zC7bbAN5QF3Ft7CV3PyiYD8
4RkoWwrh26eMMwNaekvbqRzpFKzLxe3pYtfoBbcar5c2,11.88%,"$1,996.04","$9,640.57",37.95%,36.71%,[],https://gmgn.ai/sol/address/4RkoWwrh26eMMwNaekvbqRzpFKzLxe3pYtfoBbcar5c2
4XGDj5XPZpWr38sqHLpgkjqL2fz33y5EqS3YDQZ5feD3,8.45%,"$1,797.20","$59,846.19",42.59%,42.51%,[],https://gmgn.ai/sol/address/4XGDj5XPZpWr38sqHLpgkjqL2fz33y5EqS3YDQZ5feD3
4YoVpJGPudbpu6mxZ4voJt6XGXjBcSd9AQgXPdEt2SUg,-4.44%,"$3,442.06","$7,857.32",18.92%,19.05%,[],https://gmgn.ai/sol/address/4YoVpJGPudbpu6mxZ4voJt6XGXjBcSd9AQgXPdEt2SUg
4jFJiBwh49ZdjpWFtyeaJqhiUaGhnBuLAtqoGPPVXXBx,99.06%,$903.86,"$2,767.49",?,?,[],https://gmgn.ai/sol/address/4jFJiBwh49ZdjpWFtyeaJqhiUaGhnBuLAtqoGPPVXXBx
4gSVZr5sHcqLrXZGD2xjv4HcbhpFoMN3ubFAqtRGXCpS,11.98%,"$42,754.45","$105,926.79",50.25%,50.89%,[],https://gmgn.ai/sol/address/4gSVZr5sHcqLrXZGD2xjv4HcbhpFoMN3ubFAqtRGXCpS
4kzCFdozdKC9ktAMTwr62YQZPH6hPgzJtpiyTYpBFcVx,3.36%,$-10.17,$182.30,?,?,[],https://gmgn.ai/sol/address/4kzCFdozdKC9ktAMTwr62YQZPH6hPgzJtpiyTYpBFcVx
4oy3zmshYtAWWuwjaoTyRcY2GDU61ij7aXQdp3hCVjJu,6.05%,"$11,847.66","$18,574.42",25.53%,28.29%,[],https://gmgn.ai/sol/address/4oy3zmshYtAWWuwjaoTyRcY2GDU61ij7aXQdp3hCVjJu
4rKBn77V53ybXqdGoTNdz9L8DnCoKhnKoJmehjj9gBwb,-12.95%,$-752.48,"$-1,297.87",29.41%,40.43%,[],https://gmgn.ai/sol/address/4rKBn77V53ybXqdGoTNdz9L8DnCoKhnKoJmehjj9gBwb
4aDKgp2RY39D71y8Csfarz4QoRpWKAc2fjLcovX3vZJv,7.23%,"$1,608.92","$8,232.70",45.83%,52.99%,[],https://gmgn.ai/sol/address/4aDKgp2RY39D71y8Csfarz4QoRpWKAc2fjLcovX3vZJv
4p83B24BzVWXZLG4Y18HdCM8n4A3wWPdCYrT2t5MkGYc,13.92%,"$-2,295.34","$2,230.61",?,?,[],https://gmgn.ai/sol/address/4p83B24BzVWXZLG4Y18HdCM8n4A3wWPdCYrT2t5MkGYc
4wuq4HaoAPiGZYCLCHcurpiEPjtccTDF1Tnt9MjE6jQB,10.59%,"$8,454.23","$8,454.23",33.65%,33.65%,[],https://gmgn.ai/sol/address/4wuq4HaoAPiGZYCLCHcurpiEPjtccTDF1Tnt9MjE6jQB
56Gi1eaF587FDNqDEmFkehPMDvNB2ay5kvGP8QCT8Hbq,-0.43%,$-682.78,"$1,613.85",?,?,[],https://gmgn.ai/sol/address/56Gi1eaF587FDNqDEmFkehPMDvNB2ay5kvGP8QCT8Hbq
4zLMyJ9VMY25BcTdn8ktEuQLUQ8hpkjZmNgnuMQ4Dznk,39.43%,"$5,460.32","$26,101.33",79.25%,76.26%,[],https://gmgn.ai/sol/address/4zLMyJ9VMY25BcTdn8ktEuQLUQ8hpkjZmNgnuMQ4Dznk
5997xbjpuMFM6jxcA55U7ow2DD6DLTjf9SdsQEooCSYd,6.75%,"$1,565.48","$1,565.48",?,?,[],https://gmgn.ai/sol/address/5997xbjpuMFM6jxcA55U7ow2DD6DLTjf9SdsQEooCSYd
5AjAPaWgWYJHLedpEDA25Qgx1NjRmySjC9cf7eH2Qq83,-2.35%,$-23.42,$-53.66,?,?,[],https://gmgn.ai/sol/address/5AjAPaWgWYJHLedpEDA25Qgx1NjRmySjC9cf7eH2Qq83
5Lf3RLRnqGM99Xqro7a3XgSr6iM5eQzJHk2aNx5yKDxV,9.62%,"$4,797.97","$11,667.67",47.21%,45.11%,[],https://gmgn.ai/sol/address/5Lf3RLRnqGM99Xqro7a3XgSr6iM5eQzJHk2aNx5yKDxV
5Bb2LcUJPjBBDzjW2Z75qPRmRFnZCRE9G6KYj1uuRNMD,14.66%,"$5,542.81","$8,224.20",48.59%,48.44%,[],https://gmgn.ai/sol/address/5Bb2LcUJPjBBDzjW2Z75qPRmRFnZCRE9G6KYj1uuRNMD
5P8CdR1VFfXxxZTmhVXLEEWEVTc7KwF9U426dfNyVCzX,-10.18%,$-191.76,$-191.76,33.33%,33.33%,[],https://gmgn.ai/sol/address/5P8CdR1VFfXxxZTmhVXLEEWEVTc7KwF9U426dfNyVCzX
5JZCXnfTsZYvhxUu5yF9QH6aQgivJ9rXqKHf3gLcD9E6,7.70%,$123.70,"$2,668.68",53.25%,51.77%,[],https://gmgn.ai/sol/address/5JZCXnfTsZYvhxUu5yF9QH6aQgivJ9rXqKHf3gLcD9E6
5bndodFDZbiEj5UsbR6CEP2JWLezTtnYBmbMud95fuye,1.68%,"$1,714.72","$1,714.72",?,?,[],https://gmgn.ai/sol/address/5bndodFDZbiEj5UsbR6CEP2JWLezTtnYBmbMud95fuye
5PAnXkvdJzSuktXvo7vUfHePYSuYW8rLsd72uY3gczxy,-4.07%,$54.54,$-81.21,30.61%,27.59%,[],https://gmgn.ai/sol/address/5PAnXkvdJzSuktXvo7vUfHePYSuYW8rLsd72uY3gczxy
5mcbzHtsTgWc3YEX1pfy7FNamx3kLYZ3SUEGbiKX9ig3,7.85%,"$5,629.72","$6,155.80",35.00%,35.84%,[],https://gmgn.ai/sol/address/5mcbzHtsTgWc3YEX1pfy7FNamx3kLYZ3SUEGbiKX9ig3
5pmZcm65onHGQy87CMSWeU8jirnQEwMGm1VZMmxVq86P,-38.62%,"$-1,245.84","$-5,170.89",?,?,[],https://gmgn.ai/sol/address/5pmZcm65onHGQy87CMSWeU8jirnQEwMGm1VZMmxVq86P
5q7Xwc2T57sK1DKU6zuwVXvMPsxqB2xrJ3T5AonFYtcY,193.93%,"$11,577.79","$142,258.55",72.00%,78.76%,[],https://gmgn.ai/sol/address/5q7Xwc2T57sK1DKU6zuwVXvMPsxqB2xrJ3T5AonFYtcY
5rohhrd1dZcMCuULkUqwxZ7jkiujdef2dNs7UKgnZc2j,17.19%,"$1,549.80","$1,549.80",?,?,[],https://gmgn.ai/sol/address/5rohhrd1dZcMCuULkUqwxZ7jkiujdef2dNs7UKgnZc2j
5rqNUSnMryEWsrWNw3njd2Uwes6ZN3VQYpw3hFKdY86V,29.70%,$-326.07,$-326.07,?,?,[],https://gmgn.ai/sol/address/5rqNUSnMryEWsrWNw3njd2Uwes6ZN3VQYpw3hFKdY86V
5sz7ZFscbSrKHrNcJzaWYnPmKCpYEGMREEvKQgigdx7E,-5.32%,$4.68,$4.68,?,?,[],https://gmgn.ai/sol/address/5sz7ZFscbSrKHrNcJzaWYnPmKCpYEGMREEvKQgigdx7E
5uqYC9RSzq2qxMmnbJ8zf2pkuev2uBDqEJqLQgN7xVRA,-0.34%,"$-1,588.24","$-2,610.08",?,?,[],https://gmgn.ai/sol/address/5uqYC9RSzq2qxMmnbJ8zf2pkuev2uBDqEJqLQgN7xVRA
5wcc13mXoyqe6qh2iHH5GFknojoJ7y13ZPx9K4NXTuo3,3.63%,"$5,714.51","$106,674.22",30.28%,32.49%,[],https://gmgn.ai/sol/address/5wcc13mXoyqe6qh2iHH5GFknojoJ7y13ZPx9K4NXTuo3
5zfKf5hcLVhMmoE1a213UinUuEE7xRTr61MZvB5sFy1b,3.35%,"$5,326.37","$5,380.41",41.03%,40.70%,[],https://gmgn.ai/sol/address/5zfKf5hcLVhMmoE1a213UinUuEE7xRTr61MZvB5sFy1b
5vFXfSUbK8zqxF9M1gTBbdGcXiAAvQJD6XBRnS8HdiBC,-5.66%,"$-1,480.62",$-439.61,?,?,[],https://gmgn.ai/sol/address/5vFXfSUbK8zqxF9M1gTBbdGcXiAAvQJD6XBRnS8HdiBC
61qcpwQWbTruuFWHENpJc8DK5UzZDfRN8fJMqSBRexu5,3.30%,$-13.53,$-13.53,?,?,[],https://gmgn.ai/sol/address/61qcpwQWbTruuFWHENpJc8DK5UzZDfRN8fJMqSBRexu5
6341hhbD5TMBKa87LhCTRo953jQY8WAuYV8XawLgBudg,12.23%,$253.30,"$2,184.10",91.67%,75.56%,[],https://gmgn.ai/sol/address/6341hhbD5TMBKa87LhCTRo953jQY8WAuYV8XawLgBudg
6E5ebQHbejGGB9Wb5D9T1xcE9VgJX8mPMi13RVr1bo9b,15.18%,$115.92,$115.92,?,?,[],https://gmgn.ai/sol/address/6E5ebQHbejGGB9Wb5D9T1xcE9VgJX8mPMi13RVr1bo9b
6EmfVzrWUkcTf8ngGS9JPBwu4AcWeKfqzfuj7XVfGmz5,-4.06%,"$-32,673.24","$-19,164.90",20.18%,21.38%,[],https://gmgn.ai/sol/address/6EmfVzrWUkcTf8ngGS9JPBwu4AcWeKfqzfuj7XVfGmz5
6Eu5ms6QrQK2iRYsJHgXeyiYKawF7yT2N5DBhLjzYyRB,7.19%,$-367.82,"$38,822.06",49.43%,49.95%,[],https://gmgn.ai/sol/address/6Eu5ms6QrQK2iRYsJHgXeyiYKawF7yT2N5DBhLjzYyRB
6PrjVRto7uNvNAWivjYWPy7Mi5K8enDfDpneowNkJmbw,-5.07%,$-15.96,$-15.96,?,?,[],https://gmgn.ai/sol/address/6PrjVRto7uNvNAWivjYWPy7Mi5K8enDfDpneowNkJmbw
6PDxgHoDWXAA7ikQGhW92xHdgH1kwNbnyNJE1seRUWJL,-6.53%,"$-2,072.43","$-7,145.34",23.53%,25.39%,[],https://gmgn.ai/sol/address/6PDxgHoDWXAA7ikQGhW92xHdgH1kwNbnyNJE1seRUWJL
6V9qwj2d9DFnesL2eR4XCR4fsMyA3KTPCrkYG6mwP4A9,12.68%,$2.78,$-4.74,?,?,[],https://gmgn.ai/sol/address/6V9qwj2d9DFnesL2eR4XCR4fsMyA3KTPCrkYG6mwP4A9
6jk2nyUbcJQahAMASG457DXY8yJL1ZwVNWXDWVmaGxV6,29.02%,"$7,560.44","$7,018.18",57.14%,49.38%,[],https://gmgn.ai/sol/address/6jk2nyUbcJQahAMASG457DXY8yJL1ZwVNWXDWVmaGxV6
6M9Wo3FziFtobf1vTrbBQpecaD8v3QhMzyjtCTm5kWdi,-0.46%,$-59.57,$-241.36,?,?,[],https://gmgn.ai/sol/address/6M9Wo3FziFtobf1vTrbBQpecaD8v3QhMzyjtCTm5kWdi
6cS1Pq4fNDhPFHwUfxyyujDkFhqTpZ2uGS3o5JfyGv2s,-27.04%,$12.68,$23.89,44.44%,50.00%,[],https://gmgn.ai/sol/address/6cS1Pq4fNDhPFHwUfxyyujDkFhqTpZ2uGS3o5JfyGv2s
6mmnoD1Pjb4GSerL6HwDcr5XF4NnHLmhUj1FhKtUTmHc,13.90%,"$-3,530.52","$1,290.16",?,?,[],https://gmgn.ai/sol/address/6mmnoD1Pjb4GSerL6HwDcr5XF4NnHLmhUj1FhKtUTmHc
6pmRFYKBbVnryZdcmHK2ttq5syUe4GMuRrC8ca9Egdnj,7.05%,$173.56,$119.31,23.21%,25.00%,[],https://gmgn.ai/sol/address/6pmRFYKBbVnryZdcmHK2ttq5syUe4GMuRrC8ca9Egdnj
6tKwsRx3rwPQrVJGrQ5w6hvcFz1FUJBAkShY5SLoRBvw,4.48%,"$10,742.03","$28,515.50",?,?,[],https://gmgn.ai/sol/address/6tKwsRx3rwPQrVJGrQ5w6hvcFz1FUJBAkShY5SLoRBvw
6vgrMbAoFksRGALBCmGimDSi42s8MuHkTh6FdCwBzWjU,0.41%,"$-19,204.23","$27,532.76",26.55%,33.44%,[],https://gmgn.ai/sol/address/6vgrMbAoFksRGALBCmGimDSi42s8MuHkTh6FdCwBzWjU
7BipGwdMrogBUwJRd27AgPFQvKjXK1494Zz7d2pbaDoh,-0.25%,$-392.34,"$-3,753.00",28.57%,23.46%,[],https://gmgn.ai/sol/address/7BipGwdMrogBUwJRd27AgPFQvKjXK1494Zz7d2pbaDoh
6qVFRsQd26wyVezchtH1fdtvYFYfLWE8CjvUJEQAL3q6,-3.97%,"$-2,584.00","$-5,185.22",?,?,[],https://gmgn.ai/sol/address/6qVFRsQd26wyVezchtH1fdtvYFYfLWE8CjvUJEQAL3q6
7D3pWHbKwEdhEyQpEBNWr5DNweJ3wsGcwoBMrHrB3YMq,34.95%,"$-2,462.52","$42,972.19",18.18%,36.62%,[],https://gmgn.ai/sol/address/7D3pWHbKwEdhEyQpEBNWr5DNweJ3wsGcwoBMrHrB3YMq
7Fpq636RRVGceXE26N1hYcPKFjq3UUvoQqkjHbjNcg8H,-11.67%,"$-4,522.50","$-7,591.22",25.55%,24.82%,[],https://gmgn.ai/sol/address/7Fpq636RRVGceXE26N1hYcPKFjq3UUvoQqkjHbjNcg8H
7KfvaUwfLQAaK4pJFSuGK7yu4qAJ1mhKChDPQgVz6jE8,3.36%,$-793.30,$-779.10,?,?,[],https://gmgn.ai/sol/address/7KfvaUwfLQAaK4pJFSuGK7yu4qAJ1mhKChDPQgVz6jE8
6uNDQ9MsM45L4b5RaruKpc73oq2P2Wiq1okR7yyYyC8w,-7.16%,"$-3,245.81","$-5,546.65",?,?,[],https://gmgn.ai/sol/address/6uNDQ9MsM45L4b5RaruKpc73oq2P2Wiq1okR7yyYyC8w
7KochA4uimkHZXWRcPubhLtYVqdqJM2xzAma5iMSQzdT,6.88%,$399.72,"$11,997.20",38.41%,40.19%,[],https://gmgn.ai/sol/address/7KochA4uimkHZXWRcPubhLtYVqdqJM2xzAma5iMSQzdT
7NxaVM6E3JLx8RNQEtnscArr8ECRXwrx92eg1ktK7j35,9.19%,$406.89,$604.75,64.10%,62.07%,[],https://gmgn.ai/sol/address/7NxaVM6E3JLx8RNQEtnscArr8ECRXwrx92eg1ktK7j35
7WJfWPdkTC2QHQCmFEmBEWvhiD2g1gaFEYucVRKQcf45,4.76%,$468.33,"$1,793.20",?,?,[],https://gmgn.ai/sol/address/7WJfWPdkTC2QHQCmFEmBEWvhiD2g1gaFEYucVRKQcf45
7MWEQXcET7ooKrHLsB16X4Yet6czY6btZ3dxSLY1JMhK,2.51%,"$1,459.21","$1,459.21",?,?,[],https://gmgn.ai/sol/address/7MWEQXcET7ooKrHLsB16X4Yet6czY6btZ3dxSLY1JMhK
7UM5b2QrfDsQ3q8JrnvzEK1XnwCWZZB9zMU6X7q3jzmy,10.91%,$191.50,$191.50,?,?,[],https://gmgn.ai/sol/address/7UM5b2QrfDsQ3q8JrnvzEK1XnwCWZZB9zMU6X7q3jzmy
7d2wtRjpz1MtwgZLFrSPizU4KgxoygneR7aoZqcEsZZr,-14.88%,$-77.52,$18.06,?,?,[],https://gmgn.ai/sol/address/7d2wtRjpz1MtwgZLFrSPizU4KgxoygneR7aoZqcEsZZr
7XURCfraWRfNoNBk9wNqFmoWUdCGrDZXrGoWSc7WE5Nv,7.35%,"$3,272.23","$82,674.16",34.53%,39.45%,[],https://gmgn.ai/sol/address/7XURCfraWRfNoNBk9wNqFmoWUdCGrDZXrGoWSc7WE5Nv
7YuoV4WTzs31QxVX8qwYP1r4JYKJZU3ghDc3jiVUAqBx,22.93%,"$46,222.83","$60,270.80",59.64%,61.90%,[],https://gmgn.ai/sol/address/7YuoV4WTzs31QxVX8qwYP1r4JYKJZU3ghDc3jiVUAqBx
7bVHvmJjYu5NdCLAYayKLzT2fpomyawUD4BKumSAGm8L,6.75%,"$1,029.43","$1,441.28",47.19%,45.86%,[],https://gmgn.ai/sol/address/7bVHvmJjYu5NdCLAYayKLzT2fpomyawUD4BKumSAGm8L
7xRj4sgzEfzGGM86G3v1ZY83rZYETcTcLLJvDx4qGQUn,8.93%,"$2,606.67","$-1,137.09",?,?,[],https://gmgn.ai/sol/address/7xRj4sgzEfzGGM86G3v1ZY83rZYETcTcLLJvDx4qGQUn
7vMSyPCrf5WekCCjaMzRFjjedS3HYdhhocoZuh3wvM8G,-35.23%,"$-3,813.21","$-3,813.21",41.67%,41.67%,[],https://gmgn.ai/sol/address/7vMSyPCrf5WekCCjaMzRFjjedS3HYdhhocoZuh3wvM8G
8DVWKDMGzQgf1P5Gwp1LYoCCgtLUDfe6pqZuWDSpLjc,-19.32%,$-67.81,"$-2,427.44",0.00%,12.50%,[],https://gmgn.ai/sol/address/8DVWKDMGzQgf1P5Gwp1LYoCCgtLUDfe6pqZuWDSpLjc
8TBh3JeSqS8TdLyASrkJjTvZS7MtayTdjqHqJuoFTpJS,75.00%,$-461.12,$-302.15,?,?,[],https://gmgn.ai/sol/address/8TBh3JeSqS8TdLyASrkJjTvZS7MtayTdjqHqJuoFTpJS
8ADtPFyNPuSa8B2oaQjuQ6MywMhNXUUEKWEsCV7Exf1s,3.82%,$383.38,"$3,521.86",?,?,[],https://gmgn.ai/sol/address/8ADtPFyNPuSa8B2oaQjuQ6MywMhNXUUEKWEsCV7Exf1s
8KtqgaLuc2EAC7tM8oEdXG73nxm6LpbPH5YFLA3UeSxc,81.18%,$421.87,$552.35,?,?,[],https://gmgn.ai/sol/address/8KtqgaLuc2EAC7tM8oEdXG73nxm6LpbPH5YFLA3UeSxc
89Xm5KBZceMnf1wuRwEhWqaPd9Dc5LgJfq9YmzBkT7Fs,10.51%,$-50.89,$904.00,50.00%,42.11%,[],https://gmgn.ai/sol/address/89Xm5KBZceMnf1wuRwEhWqaPd9Dc5LgJfq9YmzBkT7Fs
8VZec6dMJhsAh7iPkdUoDqPtge35yn22xibonAqAEhMZ,3.38%,"$14,755.09",$-601.85,19.75%,24.62%,[],https://gmgn.ai/sol/address/8VZec6dMJhsAh7iPkdUoDqPtge35yn22xibonAqAEhMZ
85CSEYtbwxHitUfQ2v5K2KREfTSGNn1cTgWxZ2KZjjFa,9.13%,$331.42,$893.07,?,?,[],https://gmgn.ai/sol/address/85CSEYtbwxHitUfQ2v5K2KREfTSGNn1cTgWxZ2KZjjFa
6ccydEM5havsh4UXijXxrcdeHJYaUR86W2rj1KB1uDgn,23.70%,"$4,081.84","$38,599.12",32.00%,34.48%,[],https://gmgn.ai/sol/address/6ccydEM5havsh4UXijXxrcdeHJYaUR86W2rj1KB1uDgn
8n729TZLW2JVe8HQ4QMAerLnNRtQ5hKTFtWe8nXZaK3o,-19.74%,"$-20,200.12","$-5,828.42",9.76%,16.92%,[],https://gmgn.ai/sol/address/8n729TZLW2JVe8HQ4QMAerLnNRtQ5hKTFtWe8nXZaK3o
8YTt3XhtTpRVafEXw4Pp7AhoiWwQzyjPjbhbqs8SnGSP,9.62%,"$1,882.83","$1,882.83",?,?,[],https://gmgn.ai/sol/address/8YTt3XhtTpRVafEXw4Pp7AhoiWwQzyjPjbhbqs8SnGSP
8gcvj3YYDGvZMQMHmWHwVcSF6GpLd62ySWJ793rwjnHU,10.54%,"$3,808.61","$3,808.61",53.54%,53.54%,['fresh_wallet'],https://gmgn.ai/sol/address/8gcvj3YYDGvZMQMHmWHwVcSF6GpLd62ySWJ793rwjnHU
8kyFEiyKBYGJsfM9AeMK8ogjxiW34tEca6LAsRde43Nr,6.17%,"$5,713.13","$5,766.66",?,?,[],https://gmgn.ai/sol/address/8kyFEiyKBYGJsfM9AeMK8ogjxiW34tEca6LAsRde43Nr
8bsspyfg7WG1rAEsVKPYvsXhjbEobYfgUGesyjATBdoG,-2.85%,"$-3,379.14","$-3,379.14",?,?,[],https://gmgn.ai/sol/address/8bsspyfg7WG1rAEsVKPYvsXhjbEobYfgUGesyjATBdoG
8iCX6cakhjEDaVqSRL1Ef1KRKa42GG7kCUzUXcwUF28U,30.23%,$919.35,$919.35,?,?,[],https://gmgn.ai/sol/address/8iCX6cakhjEDaVqSRL1Ef1KRKa42GG7kCUzUXcwUF28U
8vGrTdR2xfGxcTDExLRQWt6rnN7twHbaRFNpHDJfxv8d,-3.01%,"$-1,362.24",$-586.67,48.70%,49.61%,[],https://gmgn.ai/sol/address/8vGrTdR2xfGxcTDExLRQWt6rnN7twHbaRFNpHDJfxv8d
8uzbi8dmTyRGwtnwC8EHpvU1mSCp719tN4AhxzVN8GFB,118.13%,$545.97,"$2,538.29",?,?,[],https://gmgn.ai/sol/address/8uzbi8dmTyRGwtnwC8EHpvU1mSCp719tN4AhxzVN8GFB
8mwcvw2qkCTBAgA5PW7cxLuKtJVrSeqeyp6VMRymuk1A,21.35%,$-35.12,$-35.12,?,?,[],https://gmgn.ai/sol/address/8mwcvw2qkCTBAgA5PW7cxLuKtJVrSeqeyp6VMRymuk1A
8nRXUqGrY2jEJeWf3s4F9dipmDoBL5ajyVJA2UbhkqF9,-27.31%,$-111.62,$-183.49,25.00%,22.22%,[],https://gmgn.ai/sol/address/8nRXUqGrY2jEJeWf3s4F9dipmDoBL5ajyVJA2UbhkqF9
8yJFWmVTQq69p6VJxGwpzW7ii7c5J9GRAtHCNMMQPydj,10.50%,"$-364,738.31","$-209,589.53",49.65%,47.47%,[],https://gmgn.ai/sol/address/8yJFWmVTQq69p6VJxGwpzW7ii7c5J9GRAtHCNMMQPydj
8rmunJmpANSMGeNHV1tc8kUKJWAUrEXG7qz48qUrAS2j,4.31%,"$-12,885.69","$22,276.27",33.91%,32.76%,[],https://gmgn.ai/sol/address/8rmunJmpANSMGeNHV1tc8kUKJWAUrEXG7qz48qUrAS2j
929WSxMi72aALvpdKZLMhiG2LhgQKvwRC6nZm5jer24A,-2.94%,$-65.41,"$-1,144.26",49.40%,43.63%,[],https://gmgn.ai/sol/address/929WSxMi72aALvpdKZLMhiG2LhgQKvwRC6nZm5jer24A
92kpjJJUpBaHEJ9UuSKGpHzATGQ1xKieBwWpA41LXTLG,43.82%,"$8,109.73","$30,826.35",76.09%,77.27%,[],https://gmgn.ai/sol/address/92kpjJJUpBaHEJ9UuSKGpHzATGQ1xKieBwWpA41LXTLG
9CknxWE15Mn9XEDZ2gKCwXwbZdj455P1vf2rYheZynKd,102.81%,$752.67,$835.28,?,?,[],https://gmgn.ai/sol/address/9CknxWE15Mn9XEDZ2gKCwXwbZdj455P1vf2rYheZynKd
9DAZ8kBeTLkvz6qkughWWmThzhcoDg93v4dLASZyY4qf,9.76%,$718.14,$718.14,37.50%,37.50%,['fresh_wallet'],https://gmgn.ai/sol/address/9DAZ8kBeTLkvz6qkughWWmThzhcoDg93v4dLASZyY4qf
9GdF1qM2Te9XP9DTmcUwP8zzd4AyDMKdvAgNuak4HVVx,6.35%,$796.51,"$1,400.65",54.10%,58.54%,[],https://gmgn.ai/sol/address/9GdF1qM2Te9XP9DTmcUwP8zzd4AyDMKdvAgNuak4HVVx
9P1zMmo23FLkngRiTpLwUN3TbTkvdYdEM8FxnoVghxGY,-7.29%,$7.63,$-49.97,39.47%,35.34%,[],https://gmgn.ai/sol/address/9P1zMmo23FLkngRiTpLwUN3TbTkvdYdEM8FxnoVghxGY
9HAq6z8DgrRkGw969kUSVtzPfg72SoqhgvUipiacEDzX,-2.07%,$377.24,$766.42,?,?,[],https://gmgn.ai/sol/address/9HAq6z8DgrRkGw969kUSVtzPfg72SoqhgvUipiacEDzX
9P99mWACV7FJ1STzCTobZ1b9cnhDr5htY1phTH5twKf4,-18.40%,"$-23,270.91","$-66,309.45",13.23%,14.32%,[],https://gmgn.ai/sol/address/9P99mWACV7FJ1STzCTobZ1b9cnhDr5htY1phTH5twKf4
9ddnWRt1FhPXXZ2VUKLSCCrK6iSQz6p4RHaGa76Faszq,89.74%,"$3,609.89","$3,609.89",50.00%,50.00%,[],https://gmgn.ai/sol/address/9ddnWRt1FhPXXZ2VUKLSCCrK6iSQz6p4RHaGa76Faszq
9aSNk62TZAqsXB6bwhakzFaqK1wr4M8MtJnaNU53hKbL,-13.86%,$71.99,$299.67,?,?,[],https://gmgn.ai/sol/address/9aSNk62TZAqsXB6bwhakzFaqK1wr4M8MtJnaNU53hKbL
9dJig248asYqyvzVzFwJ91oRtwyyubK3qXCfKheq13d2,24.35%,"$23,023.12","$95,141.99",77.16%,78.80%,[],https://gmgn.ai/sol/address/9dJig248asYqyvzVzFwJ91oRtwyyubK3qXCfKheq13d2
9ucZxLkYTSeEEZFQwJmwebSWrRvA6johq1FmhGdHVH8U,18.77%,$959.08,"$2,059.33",?,?,[],https://gmgn.ai/sol/address/9ucZxLkYTSeEEZFQwJmwebSWrRvA6johq1FmhGdHVH8U
9yxEQsmpYZWBhWXFUcpAMguUzNDxg3nUBQEcmNSrakDf,2.05%,"$-25,435.05","$266,458.85",80.09%,84.75%,[],https://gmgn.ai/sol/address/9yxEQsmpYZWBhWXFUcpAMguUzNDxg3nUBQEcmNSrakDf
A7iXrAtKzh8DZNpdcV1oNiiHJNe8JN3bMqCz6N1Lc7WK,14.49%,"$1,275.21","$1,275.21",?,?,[],https://gmgn.ai/sol/address/A7iXrAtKzh8DZNpdcV1oNiiHJNe8JN3bMqCz6N1Lc7WK
A6Q1g56bmehrNsJmX3A8yz4M2afiVnKmQGduGooEDp6F,15.08%,"$1,686.02","$1,686.02",84.00%,84.00%,['fresh_wallet'],https://gmgn.ai/sol/address/A6Q1g56bmehrNsJmX3A8yz4M2afiVnKmQGduGooEDp6F
AA6tamNAcBKrUacb5Q9hVQfFDeSKJGBTeXkN4EWL43kD,11.42%,"$4,035.36","$15,817.47",44.35%,48.85%,[],https://gmgn.ai/sol/address/AA6tamNAcBKrUacb5Q9hVQfFDeSKJGBTeXkN4EWL43kD
AAWrpdJG9ykAFpyPUSq7wdWrfbVy6kbRvGM4JCm2rp62,-3.28%,"$-3,635.85","$-7,169.10",?,?,[],https://gmgn.ai/sol/address/AAWrpdJG9ykAFpyPUSq7wdWrfbVy6kbRvGM4JCm2rp62
AJKgkQyHQBMK8MVkoKfp7qZo3VUMLiLszZV2WM9BhJgF,45.36%,"$97,270.07","$198,046.85",74.26%,58.58%,[],https://gmgn.ai/sol/address/AJKgkQyHQBMK8MVkoKfp7qZo3VUMLiLszZV2WM9BhJgF
9NBWkJyWzyv96cVJdUDnJ73oVdS3davnZaAct2W87Tes,9.12%,"$1,966.79","$2,047.20",?,?,[],https://gmgn.ai/sol/address/9NBWkJyWzyv96cVJdUDnJ73oVdS3davnZaAct2W87Tes
AJjRJZmDK6LfenjQmYw4pi7puFvNfM67CxZBaDy9qWhk,-1.91%,$-455.11,"$-2,060.67",?,?,[],https://gmgn.ai/sol/address/AJjRJZmDK6LfenjQmYw4pi7puFvNfM67CxZBaDy9qWhk
AaHBhDenGHYnUFKotpHfkCN7fKrHbxMoQHBZg5ygKLcP,8.22%,"$26,635.97","$79,432.20",78.22%,78.75%,[],https://gmgn.ai/sol/address/AaHBhDenGHYnUFKotpHfkCN7fKrHbxMoQHBZg5ygKLcP
ARSCiocqpiT1QH9TEH2wHHpM5Nf9977hokipkYHGKRk4,1.91%,"$13,986.60","$118,700.63",99.83%,99.96%,[],https://gmgn.ai/sol/address/ARSCiocqpiT1QH9TEH2wHHpM5Nf9977hokipkYHGKRk4
AVU3RzUe6ayhvV9YVq1DpY4rfrwuec6CHVHhc1QB4MUv,7.86%,$-92.79,$-506.04,?,?,[],https://gmgn.ai/sol/address/AVU3RzUe6ayhvV9YVq1DpY4rfrwuec6CHVHhc1QB4MUv
ARSCioFRcxZcMf29PnHxJ1mhcDiv1rbGBVkFFmhr111f,1.56%,"$19,978.84","$115,261.77",99.84%,99.96%,[],https://gmgn.ai/sol/address/ARSCioFRcxZcMf29PnHxJ1mhcDiv1rbGBVkFFmhr111f
ASgit1viCcskiYtTtyNs8dPS31mr4VgU9efRDMp3FMQH,22.13%,"$111,956.32","$816,822.70",60.82%,60.57%,[],https://gmgn.ai/sol/address/ASgit1viCcskiYtTtyNs8dPS31mr4VgU9efRDMp3FMQH
ASGnPCdAKV163bLy3ZAfG65EDhXZ1mLPEKY13uYkaBdd,13.21%,"$-19,541.21","$10,165.38",17.39%,19.01%,[],https://gmgn.ai/sol/address/ASGnPCdAKV163bLy3ZAfG65EDhXZ1mLPEKY13uYkaBdd
AhuNyBv2fBdWhiF3eXR4LrjtShrLFpLgD4xHw7t3fE99,13.77%,"$1,146.90","$11,470.75",54.00%,55.75%,[],https://gmgn.ai/sol/address/AhuNyBv2fBdWhiF3eXR4LrjtShrLFpLgD4xHw7t3fE99
9zRAWAuq1NWZxPLrvB9v2RmsSGQ9XLKJN4JhLr2c1Lrs,10.71%,"$1,309.35",$-650.42,?,?,[],https://gmgn.ai/sol/address/9zRAWAuq1NWZxPLrvB9v2RmsSGQ9XLKJN4JhLr2c1Lrs
AySFLebQChAkbx9HfSoRh6ryDxBUQF68kjGb3HGx6xWN,31.77%,$-893.48,"$-4,189.65",71.43%,48.62%,[],https://gmgn.ai/sol/address/AySFLebQChAkbx9HfSoRh6ryDxBUQF68kjGb3HGx6xWN
Aye3L6xiZhNkyxVw9MZJauj5dMDs38bRfZB1P9S17jQn,-0.75%,$61.98,$61.98,46.86%,46.86%,[],https://gmgn.ai/sol/address/Aye3L6xiZhNkyxVw9MZJauj5dMDs38bRfZB1P9S17jQn
AfDN2j8o6huhw4bytq4HfhgeMrruP8zXuXs9VxEVMjt3,10.69%,$-338.43,$897.17,22.22%,44.19%,[],https://gmgn.ai/sol/address/AfDN2j8o6huhw4bytq4HfhgeMrruP8zXuXs9VxEVMjt3
B55yN7Be47Y9XLA5tmrvTbErxfj8cGFQ7c3GSWXD5fav,-15.07%,$-28.66,$-28.66,?,?,[],https://gmgn.ai/sol/address/B55yN7Be47Y9XLA5tmrvTbErxfj8cGFQ7c3GSWXD5fav
BQGLQEN1D1fBSsiS7pvH9HY346jWnVFudwLBP9mqXkFf,-7.49%,$-29.06,$-123.59,?,54.00%,[],https://gmgn.ai/sol/address/BQGLQEN1D1fBSsiS7pvH9HY346jWnVFudwLBP9mqXkFf
BNHsrnuv72vo91szVHnahB2eGYXPMcxWdFyPC4Xge4Fk,9.10%,"$6,816.21","$23,527.76",36.08%,38.45%,[],https://gmgn.ai/sol/address/BNHsrnuv72vo91szVHnahB2eGYXPMcxWdFyPC4Xge4Fk
BW9vfYG3Q3FJhjaFmYX2bHFAUNSxtKKNe5bfuK7wiEPY,-11.14%,"$-1,088.87","$-1,088.87",?,?,[],https://gmgn.ai/sol/address/BW9vfYG3Q3FJhjaFmYX2bHFAUNSxtKKNe5bfuK7wiEPY
ANLgY34LstsMGAmL9Xz69CZMQBu2DGJ3pE1dHjg7UcWE,-32.13%,"$-138,610.76","$-190,740.48",12.58%,13.10%,[],https://gmgn.ai/sol/address/ANLgY34LstsMGAmL9Xz69CZMQBu2DGJ3pE1dHjg7UcWE
BNHVhAEMyNmbnuVmgwvu8F52YJtW6exXx17HsyJ7TmPR,10.27%,$330.37,$-28.56,?,?,[],https://gmgn.ai/sol/address/BNHVhAEMyNmbnuVmgwvu8F52YJtW6exXx17HsyJ7TmPR
AwGURw1XAXv3HEiaHA3uWoJmA7DFivToKkh992AhHyD5,8.66%,$-480.81,"$8,833.51",33.33%,48.76%,[],https://gmgn.ai/sol/address/AwGURw1XAXv3HEiaHA3uWoJmA7DFivToKkh992AhHyD5
BkvD8RKQCGYU82gyUhxLepXXopQNXA1oxt5GZ3kMhrY6,3.38%,$51.91,$51.91,?,?,[],https://gmgn.ai/sol/address/BkvD8RKQCGYU82gyUhxLepXXopQNXA1oxt5GZ3kMhrY6
BnfTf63hEMkB6ijkLA5dup97FWT7PKkCphNXS2Wf1F5p,8.19%,"$9,975.18","$13,968.53",?,?,[],https://gmgn.ai/sol/address/BnfTf63hEMkB6ijkLA5dup97FWT7PKkCphNXS2Wf1F5p
BsvaVaVxvgu3mN2C75FD2rrmMsRjHoyP1r1p5Lsz1Tqy,3.10%,"$2,243.52",$897.97,35.57%,34.94%,[],https://gmgn.ai/sol/address/BsvaVaVxvgu3mN2C75FD2rrmMsRjHoyP1r1p5Lsz1Tqy
BXayXuG9AbwR8UzotxsD793VmwCpxop7wdC9yHA4QGN8,8.26%,"$2,282.84","$13,885.12",?,?,[],https://gmgn.ai/sol/address/BXayXuG9AbwR8UzotxsD793VmwCpxop7wdC9yHA4QGN8
CDxWMRLGProgh2QDzQJfvPvK6RMfsQKUtCgoZNry4zP9,1.92%,$495.86,$495.86,48.00%,48.00%,[],https://gmgn.ai/sol/address/CDxWMRLGProgh2QDzQJfvPvK6RMfsQKUtCgoZNry4zP9
CHmCJobohTFU4UjzXxKjwFGNggyAgE698PynuZoojsJB,-3.28%,$-414.59,$-414.59,?,?,[],https://gmgn.ai/sol/address/CHmCJobohTFU4UjzXxKjwFGNggyAgE698PynuZoojsJB
C8DuRsMPznUbK8Y9zUrjMHkreodEwfQLgAjQohnxcFyo,7.66%,"$9,556.59","$28,511.88",?,?,[],https://gmgn.ai/sol/address/C8DuRsMPznUbK8Y9zUrjMHkreodEwfQLgAjQohnxcFyo
CNzU5mZ5ggGUSsQrmUnQWQ9DHGahJLRNggcHuYBJ3YhC,-1.79%,$107.70,$100.74,?,?,[],https://gmgn.ai/sol/address/CNzU5mZ5ggGUSsQrmUnQWQ9DHGahJLRNggcHuYBJ3YhC
CCqSGighjg1D2T7HqSZtGRUJZL42rPHjedGNM93LvvSn,11.15%,"$2,417.03","$4,516.21",?,?,[],https://gmgn.ai/sol/address/CCqSGighjg1D2T7HqSZtGRUJZL42rPHjedGNM93LvvSn
CXQGKGi2GCQoTrmXTbdaq1CuhWvYyoJw7YA3LuhFuJBc,16.68%,"$3,880.38","$11,913.82",?,?,[],https://gmgn.ai/sol/address/CXQGKGi2GCQoTrmXTbdaq1CuhWvYyoJw7YA3LuhFuJBc
BvudWPdUxU2Fiw9b9qkTTD5Lw8FNfrv9fw1mZ1KFHApS,22.03%,$622.59,"$6,236.25",30.51%,34.78%,[],https://gmgn.ai/sol/address/BvudWPdUxU2Fiw9b9qkTTD5Lw8FNfrv9fw1mZ1KFHApS
CwVapYzyiqSNNYzhcftRVBYVVPwLYzm6R3oFinPzjrz8,-1.25%,$-17.71,$-17.71,?,?,[],https://gmgn.ai/sol/address/CwVapYzyiqSNNYzhcftRVBYVVPwLYzm6R3oFinPzjrz8
CeZyGKRDwGXTg2U5xYgK3mLM2k3idS4iY1LT6WYqDc4q,14.63%,"$1,419.34","$4,006.34",57.89%,45.54%,[],https://gmgn.ai/sol/address/CeZyGKRDwGXTg2U5xYgK3mLM2k3idS4iY1LT6WYqDc4q
Cdi6sZmBJybvujUPg5STqvqxR96wG9EU7F57FYjuRxuc,7.95%,$-290.81,$110.80,?,?,[],https://gmgn.ai/sol/address/Cdi6sZmBJybvujUPg5STqvqxR96wG9EU7F57FYjuRxuc
CybDWKCL74tP658zpHfUYyRoiUJgvYseS8x3j2Fqdy3T,1.20%,$-869.90,"$-1,492.06",?,?,[],https://gmgn.ai/sol/address/CybDWKCL74tP658zpHfUYyRoiUJgvYseS8x3j2Fqdy3T
CkAbhqy8YGAuNM9wFCGfzw9vkWDocAB7XV4PQZbqv2eQ,5.10%,"$8,295.31","$26,324.30",48.75%,49.40%,[],https://gmgn.ai/sol/address/CkAbhqy8YGAuNM9wFCGfzw9vkWDocAB7XV4PQZbqv2eQ
CwRPc8LZqAQxEkxRUMqnUrTTf2wgcPCkbEdcTFvLd5eD,-4.42%,"$-1,476.91","$-1,476.91",31.16%,31.16%,[],https://gmgn.ai/sol/address/CwRPc8LZqAQxEkxRUMqnUrTTf2wgcPCkbEdcTFvLd5eD
D8Un2AKYrscQ2EASqqVz73aQSsvEtxVp5KtQPJVBiMrf,-10.46%,$-725.39,"$-1,969.45",?,?,[],https://gmgn.ai/sol/address/D8Un2AKYrscQ2EASqqVz73aQSsvEtxVp5KtQPJVBiMrf
DCLSQphN6AbBfoaNgNfrrEBe8yKD3fhEpES3k6TmmtGK,17.22%,"$3,710.01","$4,766.95",?,?,[],https://gmgn.ai/sol/address/DCLSQphN6AbBfoaNgNfrrEBe8yKD3fhEpES3k6TmmtGK
D7eUAKKTRZKPwJf6mDAhste8MwZYJvQ9jtkxeH5MxZxj,11.98%,"$2,338.42","$29,826.89",43.75%,47.73%,[],https://gmgn.ai/sol/address/D7eUAKKTRZKPwJf6mDAhste8MwZYJvQ9jtkxeH5MxZxj
D3BAVPd5YJzhFGEjZNLfEhsADHf23mjntTj3Egc3j6aM,-0.94%,$217.57,$85.50,28.57%,28.00%,[],https://gmgn.ai/sol/address/D3BAVPd5YJzhFGEjZNLfEhsADHf23mjntTj3Egc3j6aM
DEC53FLXx1Dp9Yx9WZTgb8cmkYfKs2gxDWy6rBkzDFhF,9.15%,$202.07,$50.47,?,?,[],https://gmgn.ai/sol/address/DEC53FLXx1Dp9Yx9WZTgb8cmkYfKs2gxDWy6rBkzDFhF
DG9P3KEU6PjPB3JmuCiNh1Lp5KrGfXGgEJdJyS9eSkdz,8.03%,$-36.33,$-86.21,?,?,[],https://gmgn.ai/sol/address/DG9P3KEU6PjPB3JmuCiNh1Lp5KrGfXGgEJdJyS9eSkdz
CM8CdfmpBej77GDURijDm3pyfx7CbHCgCp69hnVTZFbm,-59.57%,$-402.69,$-402.69,?,?,[],https://gmgn.ai/sol/address/CM8CdfmpBej77GDURijDm3pyfx7CbHCgCp69hnVTZFbm
DGBCGcaKFzMJKbXHtoCK8oh2kYgnrunRMuh4cbXMjSoh,11.71%,"$8,982.66","$20,054.54",?,?,[],https://gmgn.ai/sol/address/DGBCGcaKFzMJKbXHtoCK8oh2kYgnrunRMuh4cbXMjSoh
CSny89mZb8JCHoWSuLRvykZnJZyWTNKYNxvpqLBT5nPD,-2.61%,"$-1,539.03","$-4,187.25",24.11%,27.26%,[],https://gmgn.ai/sol/address/CSny89mZb8JCHoWSuLRvykZnJZyWTNKYNxvpqLBT5nPD
DU7bXDcDfGMqyp2zXmmzXvBRKssXcw4639p79WziEahv,24.70%,"$10,414.47","$13,990.42",?,?,[],https://gmgn.ai/sol/address/DU7bXDcDfGMqyp2zXmmzXvBRKssXcw4639p79WziEahv
DbT9xdKUD7jghNDmvhfmiCxenhusbAMzR5PKdx2qk4Cx,11.12%,"$12,012.80","$41,510.49",50.48%,45.97%,[],https://gmgn.ai/sol/address/DbT9xdKUD7jghNDmvhfmiCxenhusbAMzR5PKdx2qk4Cx
DWNPQnzsMDM6UX6HdrL4QisUtEKvLGJeHUM792fddWrC,8.45%,"$8,988.94","$8,158.51",31.91%,31.49%,[],https://gmgn.ai/sol/address/DWNPQnzsMDM6UX6HdrL4QisUtEKvLGJeHUM792fddWrC
DPe3WHyebypaX3BbrrgdHkSJGgbdYmMRnqztMPXYXM2W,5.34%,"$1,587.78","$5,800.55",38.07%,36.13%,[],https://gmgn.ai/sol/address/DPe3WHyebypaX3BbrrgdHkSJGgbdYmMRnqztMPXYXM2W
DcrVHkdQEaJMXggEnWpve6L5HAYMtvFhBeBoDiS74i1Q,-9.03%,$-44.15,$-44.15,?,?,[],https://gmgn.ai/sol/address/DcrVHkdQEaJMXggEnWpve6L5HAYMtvFhBeBoDiS74i1Q
DUdwnqLGgcEBGET26kFhAhDSyt5oM8rmEvFrAsjj1XrD,-9.30%,$-762.40,$-762.40,?,?,[],https://gmgn.ai/sol/address/DUdwnqLGgcEBGET26kFhAhDSyt5oM8rmEvFrAsjj1XrD
DcSADK6LD4fqKy3WsMEjn6F6ot1EJMbaF1Pi32NrE3iC,4.79%,$106.47,"$1,809.63",?,?,[],https://gmgn.ai/sol/address/DcSADK6LD4fqKy3WsMEjn6F6ot1EJMbaF1Pi32NrE3iC
DLuV8rghqwUD4mRWBdE7yooCWyLcek76wcrmHc66xLmG,8.38%,"$-3,546.82","$38,613.96",10.89%,12.62%,[],https://gmgn.ai/sol/address/DLuV8rghqwUD4mRWBdE7yooCWyLcek76wcrmHc66xLmG
DSBSVx7xG9PHqGoNvh7HrudJmpRyu9zyjCmH7FYbsk1F,-3.12%,"$-1,114.25","$-1,588.72",?,?,[],https://gmgn.ai/sol/address/DSBSVx7xG9PHqGoNvh7HrudJmpRyu9zyjCmH7FYbsk1F
DdGWAMpYGU2fB2wPKzKrQrPy9fEE6uMUBFomHmz54cJq,5.80%,"$3,134.28","$2,506.26",37.50%,35.29%,[],https://gmgn.ai/sol/address/DdGWAMpYGU2fB2wPKzKrQrPy9fEE6uMUBFomHmz54cJq
Dc9F3Fz3HtzStS47BySBab5KqWagoo9kevEAfUy9ErT2,472.71%,"$1,869.36","$1,869.36",?,?,[],https://gmgn.ai/sol/address/Dc9F3Fz3HtzStS47BySBab5KqWagoo9kevEAfUy9ErT2
DeQnh3zySGc3gtxBRJ1XP8VbKiTPXUexa2A37XKbLLNB,0.40%,$568.08,$568.08,?,?,[],https://gmgn.ai/sol/address/DeQnh3zySGc3gtxBRJ1XP8VbKiTPXUexa2A37XKbLLNB
DfhbabreNsifkLMz8gaKTWp7kVooqFJdNruDEunzdeQ7,-24.04%,"$-19,118.56","$-22,027.72",31.03%,30.30%,[],https://gmgn.ai/sol/address/DfhbabreNsifkLMz8gaKTWp7kVooqFJdNruDEunzdeQ7
DepkktFF3dx3tvXXNButWYCWCSGEzLqGcCbvMR1udsyq,519.07%,$235.40,$235.40,?,?,[],https://gmgn.ai/sol/address/DepkktFF3dx3tvXXNButWYCWCSGEzLqGcCbvMR1udsyq
DreqwL6A5H15KyskSvEBJEKsUfgg9CVaw5f49APrkhtn,-2.26%,$-24.46,$-353.71,20.00%,23.81%,[],https://gmgn.ai/sol/address/DreqwL6A5H15KyskSvEBJEKsUfgg9CVaw5f49APrkhtn
DtmjXJcg3NHRMKWgHNMbh1fJECVBaBDTDmH8wWCZRLzH,-7.04%,$-69.84,$-69.84,52.38%,52.38%,[],https://gmgn.ai/sol/address/DtmjXJcg3NHRMKWgHNMbh1fJECVBaBDTDmH8wWCZRLzH
E566Q554EhVNs9GZFecVvFMUVDhLN42eTqZSzZRJ4UAr,-0.80%,$-376.36,$-376.36,?,?,[],https://gmgn.ai/sol/address/E566Q554EhVNs9GZFecVvFMUVDhLN42eTqZSzZRJ4UAr
E8TLi4H5vY6R88gjWWNrYQjncBXavvNFWuksSxYxEbNn,23.69%,$371.85,"$2,021.64",94.74%,89.66%,[],https://gmgn.ai/sol/address/E8TLi4H5vY6R88gjWWNrYQjncBXavvNFWuksSxYxEbNn
DuosnydFkjpatiKc3y2Q8aVBb7rD4hEcdmPX5sHs9gG7,16.18%,"$2,071.28","$6,114.78",?,?,[],https://gmgn.ai/sol/address/DuosnydFkjpatiKc3y2Q8aVBb7rD4hEcdmPX5sHs9gG7
DkTX2fCYjgFnku6BqvGheBJyXJcXNkG55NHhZk4YGE7w,2.44%,$-671.48,$-951.09,37.18%,33.17%,[],https://gmgn.ai/sol/address/DkTX2fCYjgFnku6BqvGheBJyXJcXNkG55NHhZk4YGE7w
E12GGfKRkAMp1SRZEBeQ1fMctksaYxMJvhZV7bECUrF,-10.40%,$-128.58,$-342.78,24.59%,22.41%,[],https://gmgn.ai/sol/address/E12GGfKRkAMp1SRZEBeQ1fMctksaYxMJvhZV7bECUrF
EKoo2QrTGt2YxHx8XwHrrJw2PkcgPDkgPNRbLt1qXTvy,-14.57%,"$-32,121.63","$-30,746.40",?,?,[],https://gmgn.ai/sol/address/EKoo2QrTGt2YxHx8XwHrrJw2PkcgPDkgPNRbLt1qXTvy
EGcrxQCYzgiM8MCnF9xjwgWtsL791vRXAK7AsnUiogDh,13.68%,"$10,066.18","$28,099.04",44.44%,47.17%,[],https://gmgn.ai/sol/address/EGcrxQCYzgiM8MCnF9xjwgWtsL791vRXAK7AsnUiogDh
EWsG3EDFvgsXae6gVLRmJ5HzBvtdeiDe9REVCyuzyxCe,31.44%,$21.86,$21.86,57.14%,57.14%,[],https://gmgn.ai/sol/address/EWsG3EDFvgsXae6gVLRmJ5HzBvtdeiDe9REVCyuzyxCe
EXHsRWRozowAqMdrNZqytzfXibe2aC8KeFSaXXi41z4k,4.42%,$241.25,$751.71,?,?,[],https://gmgn.ai/sol/address/EXHsRWRozowAqMdrNZqytzfXibe2aC8KeFSaXXi41z4k
EYnfutxfi7anp2hLPwNYZxPDokMbj7oLaFyGr8JeHhML,2.18%,$644.23,$644.23,?,?,[],https://gmgn.ai/sol/address/EYnfutxfi7anp2hLPwNYZxPDokMbj7oLaFyGr8JeHhML
EX9Dq3EvnxwqPa9iJXcrFRFYyXub9jM4w3VxeeTy8zFT,3.87%,$444.71,"$6,006.56",60.56%,70.62%,[],https://gmgn.ai/sol/address/EX9Dq3EvnxwqPa9iJXcrFRFYyXub9jM4w3VxeeTy8zFT
EaainwaWfnYwKkZQjhd7SLgjr4FF7LhNKX8CDHpxgkAK,3.21%,$114.07,$128.38,?,?,[],https://gmgn.ai/sol/address/EaainwaWfnYwKkZQjhd7SLgjr4FF7LhNKX8CDHpxgkAK
EcJWNtETrzdbj8s2dXpaE4Tu4r7fxALD6TNw9H8S6ksz,7.75%,"$5,119.74","$164,733.21",39.38%,49.05%,[],https://gmgn.ai/sol/address/EcJWNtETrzdbj8s2dXpaE4Tu4r7fxALD6TNw9H8S6ksz
EcqxXsnc6am1NQzjuo9u1SqTXzCcMw9RriB6fUJnSrvw,-28.87%,$-81.77,$-81.77,?,?,[],https://gmgn.ai/sol/address/EcqxXsnc6am1NQzjuo9u1SqTXzCcMw9RriB6fUJnSrvw
EnQLCLB7NWojruXXNopgH7jhkwoHihTpuzsrtsM2UCSe,9.53%,"$19,878.61","$19,442.44",34.29%,29.38%,[],https://gmgn.ai/sol/address/EnQLCLB7NWojruXXNopgH7jhkwoHihTpuzsrtsM2UCSe
EgGv1fWAwetJpF9ZxjU2kHD6NxHkXr2XH8v3jjXCrred,6.42%,"$8,352.26","$8,878.27",60.50%,50.26%,[],https://gmgn.ai/sol/address/EgGv1fWAwetJpF9ZxjU2kHD6NxHkXr2XH8v3jjXCrred
Ep42nExonCSkeXx2Lbu8uVaJMBb63VNcysHu7t2Zp6Ln,-2.88%,$-615.63,$-536.22,?,?,[],https://gmgn.ai/sol/address/Ep42nExonCSkeXx2Lbu8uVaJMBb63VNcysHu7t2Zp6Ln
Eq6FwUHYFkxJkykHBiojCAhMuKzn5XtYDTjUN2dAE49d,-23.77%,"$-1,997.85","$-3,738.13",16.78%,17.51%,[],https://gmgn.ai/sol/address/Eq6FwUHYFkxJkykHBiojCAhMuKzn5XtYDTjUN2dAE49d
EaXKQT47HiTKa9U42E1G9zHEupzfdVUVLUBuxpcbwt2Y,0.34%,$-482.63,"$-1,212.86",?,?,[],https://gmgn.ai/sol/address/EaXKQT47HiTKa9U42E1G9zHEupzfdVUVLUBuxpcbwt2Y
FJYAgw9Xj31zo8SymiDDoyGvL6nNEHVaFbQrjjxLEcRg,7.01%,"$1,215.86","$3,799.90",?,?,[],https://gmgn.ai/sol/address/FJYAgw9Xj31zo8SymiDDoyGvL6nNEHVaFbQrjjxLEcRg
F1QUQtKDVwrJ3AzCJqo2qTSVRZ1fHKAFpXDcWbqLz5py,16.46%,"$2,918.15","$17,989.50",54.23%,53.45%,[],https://gmgn.ai/sol/address/F1QUQtKDVwrJ3AzCJqo2qTSVRZ1fHKAFpXDcWbqLz5py
FAsq1WfZ7zayvC5R2WgikpK4g7DeAoNJe1L6F4YsumTG,6.99%,"$1,785.82","$2,163.32",62.67%,62.30%,[],https://gmgn.ai/sol/address/FAsq1WfZ7zayvC5R2WgikpK4g7DeAoNJe1L6F4YsumTG
FLKBLTKyHjnPhnS2Voyw89QUuMGAYAo7uqZsiMVEUoHE,-1.25%,$-196.25,"$3,059.48",?,?,[],https://gmgn.ai/sol/address/FLKBLTKyHjnPhnS2Voyw89QUuMGAYAo7uqZsiMVEUoHE
FPVi15FoHQXv31S3iHXH3H5f9UNvntcwXfQ7NZiKpeJZ,-16.08%,"$-1,052.70","$-1,052.70",?,?,[],https://gmgn.ai/sol/address/FPVi15FoHQXv31S3iHXH3H5f9UNvntcwXfQ7NZiKpeJZ
FQw2RU8YU9nC2VsDh813jyZKWUyby6yFKvpor7aWucru,3.62%,$-338.08,$647.42,32.69%,27.61%,[],https://gmgn.ai/sol/address/FQw2RU8YU9nC2VsDh813jyZKWUyby6yFKvpor7aWucru
FVd9yxqsHe2n2prCVknAwJCqCvkWy9U6R3dp4g6QR31b,8.20%,$362.97,"$1,470.41",?,?,[],https://gmgn.ai/sol/address/FVd9yxqsHe2n2prCVknAwJCqCvkWy9U6R3dp4g6QR31b
FTyWWMYr9EokXY2mDEVbNtkqxKAQt9jw5MLui92Mp4At,42.77%,$-17.29,$39.93,?,?,[],https://gmgn.ai/sol/address/FTyWWMYr9EokXY2mDEVbNtkqxKAQt9jw5MLui92Mp4At
FRvYtXiZd1Gs1Z2W7ubtnr86uzMc7Wc4cn5uAKrJKnNH,32.89%,"$8,567.75","$36,523.07",73.58%,72.39%,[],https://gmgn.ai/sol/address/FRvYtXiZd1Gs1Z2W7ubtnr86uzMc7Wc4cn5uAKrJKnNH
FaRkLBsHvk3s6FwtMA9SprvHU2s1cVRGUuBTZM8LSGJS,-4.38%,$-423.29,$-764.45,41.18%,49.80%,[],https://gmgn.ai/sol/address/FaRkLBsHvk3s6FwtMA9SprvHU2s1cVRGUuBTZM8LSGJS
Fc719KgEtGsfq2gRG6RJd43qiyXrkuJzNPZPsYLUt4mZ,2.75%,"$3,420.11","$8,644.19",52.82%,51.62%,[],https://gmgn.ai/sol/address/Fc719KgEtGsfq2gRG6RJd43qiyXrkuJzNPZPsYLUt4mZ
FXHt4cdYAxwPMA7CwKJ4Dd9K1JC9Hcj5FHzcs5K98po8,-4.38%,$-585.88,$-585.88,?,?,[],https://gmgn.ai/sol/address/FXHt4cdYAxwPMA7CwKJ4Dd9K1JC9Hcj5FHzcs5K98po8
FfJYPGtV2U53XUSqhr1oncGKnnJj23cqdZ4FGENL4HFi,18.05%,"$2,983.34","$6,635.23",?,?,[],https://gmgn.ai/sol/address/FfJYPGtV2U53XUSqhr1oncGKnnJj23cqdZ4FGENL4HFi
Ffp83hCZMaemCKeyzgiAw5tPemV5i5fnqj8Kn7Q2E9u1,-7.03%,$-256.34,$-256.34,50.00%,50.00%,[],https://gmgn.ai/sol/address/Ffp83hCZMaemCKeyzgiAw5tPemV5i5fnqj8Kn7Q2E9u1
Fjv5rs4Dwh4snmGFfvsm6GMtr2qYnLQpAfsW7Qy6HEjW,4.82%,$-768.48,$-634.27,?,?,[],https://gmgn.ai/sol/address/Fjv5rs4Dwh4snmGFfvsm6GMtr2qYnLQpAfsW7Qy6HEjW
FYbzreH3mHaqiqwbJZLS2GvQTHzPSt4Dk4wB5GKMiKVW,40.31%,$579.36,"$2,546.62",73.08%,77.59%,[],https://gmgn.ai/sol/address/FYbzreH3mHaqiqwbJZLS2GvQTHzPSt4Dk4wB5GKMiKVW
Fk9gqZHciE4HKonoeVuF5AHgU8WJZPuuvm1HehSxmRJQ,13.78%,$89.74,"$-3,428.63",27.14%,25.26%,[],https://gmgn.ai/sol/address/Fk9gqZHciE4HKonoeVuF5AHgU8WJZPuuvm1HehSxmRJQ
Fkv9fSgqYhSorbPWLonbVSkdx4MtTQfuMYGhR1LVpAr2,45.23%,$541.12,"$20,499.19",27.69%,37.90%,[],https://gmgn.ai/sol/address/Fkv9fSgqYhSorbPWLonbVSkdx4MtTQfuMYGhR1LVpAr2
FmwJsAK9UMZedYMehLH8nkLLaS8m1kkGvjagbKDKQjRG,16.40%,"$3,459.74","$3,895.06",?,?,[],https://gmgn.ai/sol/address/FmwJsAK9UMZedYMehLH8nkLLaS8m1kkGvjagbKDKQjRG
Fr5179rUT69dDi5E53gHQhUmyi2aKWLqfBNs79GsmCaf,-29.16%,$-18.77,$-273.81,0.00%,35.71%,[],https://gmgn.ai/sol/address/Fr5179rUT69dDi5E53gHQhUmyi2aKWLqfBNs79GsmCaf
FrKkBp3UbtCdJCRJ9k7cruEA32UihvJxBhGFSDuJBz7k,-13.14%,"$-1,955.58","$-6,601.30",?,?,[],https://gmgn.ai/sol/address/FrKkBp3UbtCdJCRJ9k7cruEA32UihvJxBhGFSDuJBz7k
FtcBAZTttxaCGUTyWmvMm5fvvDRrawo2GrN8wYCnZY1f,1.50%,$234.06,"$1,955.24",?,?,[],https://gmgn.ai/sol/address/FtcBAZTttxaCGUTyWmvMm5fvvDRrawo2GrN8wYCnZY1f
FxUweaZLpmoF9BmgokLpYKF7q2mjXjZoXFWycHRiXjLK,-13.18%,"$-15,096.59","$-45,236.21",?,?,[],https://gmgn.ai/sol/address/FxUweaZLpmoF9BmgokLpYKF7q2mjXjZoXFWycHRiXjLK
Fp9ekLpzBQoekCA6jHVLoyPvhhcGWY76aQtMT3DbHxHc,0.98%,$0.58,$-194.07,?,23.08%,[],https://gmgn.ai/sol/address/Fp9ekLpzBQoekCA6jHVLoyPvhhcGWY76aQtMT3DbHxHc
G1pRtSyKuWSjTqRDcazzKBDzqEF96i1xSURpiXj3yFcc,64.89%,"$6,822.68","$202,358.51",32.88%,43.07%,['kol'],https://gmgn.ai/sol/address/G1pRtSyKuWSjTqRDcazzKBDzqEF96i1xSURpiXj3yFcc
GCjSipr8NYQpdLj42j6r3DWRFFQS1KvLBYTbtQoTaJcG,0.83%,$-61.51,$276.60,40.66%,45.17%,[],https://gmgn.ai/sol/address/GCjSipr8NYQpdLj42j6r3DWRFFQS1KvLBYTbtQoTaJcG
GKESRufMdZuEcPf5JzSVHk4K9dPc3UrrruYy2mPPji5V,-8.59%,$-398.81,$337.09,36.03%,38.76%,[],https://gmgn.ai/sol/address/GKESRufMdZuEcPf5JzSVHk4K9dPc3UrrruYy2mPPji5V
GSxzV7BiSa5TLZxdz5UsTcAiEX43a1rNRDhz86NBxgJK,6.44%,"$9,349.32","$-5,883.51",32.69%,22.12%,[],https://gmgn.ai/sol/address/GSxzV7BiSa5TLZxdz5UsTcAiEX43a1rNRDhz86NBxgJK
GWxwW1KL2LXEwG3rzd5X1LS5Sv56R4yjxQRNN6wrSByZ,13.30%,"$1,281.06","$1,281.06",70.37%,70.37%,['fresh_wallet'],https://gmgn.ai/sol/address/GWxwW1KL2LXEwG3rzd5X1LS5Sv56R4yjxQRNN6wrSByZ
GJFQ8Dd2mSkXoemdL6mkkSwf97S1H9yaYX5PR9RYu6Uk,-14.55%,$-45.82,$-45.82,34.48%,34.48%,[],https://gmgn.ai/sol/address/GJFQ8Dd2mSkXoemdL6mkkSwf97S1H9yaYX5PR9RYu6Uk
GRiKNMoXtG1rtX1HHEkVwUxtV2PUJdaVv3NxpZ1C3g4M,-15.74%,"$-4,313.69","$-4,313.69",32.84%,32.84%,[],https://gmgn.ai/sol/address/GRiKNMoXtG1rtX1HHEkVwUxtV2PUJdaVv3NxpZ1C3g4M
Gau6WYPgPmg8L8q8gEXwbko6s54tEBSEDVLpvgCZsAbN,7.44%,$868.93,"$3,122.02",47.17%,47.32%,[],https://gmgn.ai/sol/address/Gau6WYPgPmg8L8q8gEXwbko6s54tEBSEDVLpvgCZsAbN
GZ299cBpXykPEqB5Nfryv1GaLWZdK5VK3En91icwRYF5,-2.13%,$-427.90,$-336.96,?,?,[],https://gmgn.ai/sol/address/GZ299cBpXykPEqB5Nfryv1GaLWZdK5VK3En91icwRYF5
GbmxzwgSCF2FQNJNuyYSKuVSnSabv2MCpEPJKg2XA1dr,14.21%,$-173.29,$-173.29,34.00%,34.00%,['fresh_wallet'],https://gmgn.ai/sol/address/GbmxzwgSCF2FQNJNuyYSKuVSnSabv2MCpEPJKg2XA1dr
GPNxwYh73yyzCi6CzmXJc98P6XQp2vfx1whGhu1HsUtv,0.75%,$562.33,"$5,564.62",?,?,[],https://gmgn.ai/sol/address/GPNxwYh73yyzCi6CzmXJc98P6XQp2vfx1whGhu1HsUtv
GN8oYVMpP2gCw1CpRrXUPueCMiDoNiYCHawYeH3oVabP,5.86%,"$2,675.87","$32,281.14",39.43%,39.91%,[],https://gmgn.ai/sol/address/GN8oYVMpP2gCw1CpRrXUPueCMiDoNiYCHawYeH3oVabP
GnYSpjgfEDvPADhW1K49VijzvFQXQ1KaeHBzEQW7QX8,7.14%,"$2,058.58","$2,058.58",?,?,[],https://gmgn.ai/sol/address/GnYSpjgfEDvPADhW1K49VijzvFQXQ1KaeHBzEQW7QX8
Gttpu2R29BQUmmZn1nS6KgLms1yT9NUekXdzzmXtjiSA,8.67%,"$4,485.27","$13,961.33",30.21%,31.33%,[],https://gmgn.ai/sol/address/Gttpu2R29BQUmmZn1nS6KgLms1yT9NUekXdzzmXtjiSA
Gu2okE2L49e6MfVdUyx6CbqGAKKLyWdFXpECgH2Qz19L,24.47%,"$10,628.87","$10,628.87",18.60%,18.60%,[],https://gmgn.ai/sol/address/Gu2okE2L49e6MfVdUyx6CbqGAKKLyWdFXpECgH2Qz19L
GnicXtGh6znMbeMCqANmJaVL6GjcGeT86DGKmEWmtE2s,6.19%,$-70.07,$-95.50,32.00%,30.00%,[],https://gmgn.ai/sol/address/GnicXtGh6znMbeMCqANmJaVL6GjcGeT86DGKmEWmtE2s
GvfMDUdumNPY5sfZVXPuD5eTXFHMot3VB4Sr9tTuB8ZD,6.78%,$47.19,"$2,746.84",40.05%,16.30%,[],https://gmgn.ai/sol/address/GvfMDUdumNPY5sfZVXPuD5eTXFHMot3VB4Sr9tTuB8ZD
GxaeXcakf96MGvenQZssRNjHaNDGLSu2REq2xpKoTYr,10.09%,"$30,809.03","$35,676.02",74.02%,73.05%,[],https://gmgn.ai/sol/address/GxaeXcakf96MGvenQZssRNjHaNDGLSu2REq2xpKoTYr
H1RzgQhep7bxKgqiBTd2kdyPJQ5wbiGN7BqUMGFNqg2W,27.59%,$135.98,"$4,348.32",48.39%,53.33%,[],https://gmgn.ai/sol/address/H1RzgQhep7bxKgqiBTd2kdyPJQ5wbiGN7BqUMGFNqg2W
GvpCLExUMXSWuvHvS5ZGgabLYvDd88ezoko7sSeetDot,-10.22%,"$-4,529.72","$-20,207.64",31.30%,31.11%,[],https://gmgn.ai/sol/address/GvpCLExUMXSWuvHvS5ZGgabLYvDd88ezoko7sSeetDot
HDk6pDqC71kYCVg2YNGq89NCNitLxkzTU28rTqYotHAG,-9.24%,$105.83,$-827.27,?,?,[],https://gmgn.ai/sol/address/HDk6pDqC71kYCVg2YNGq89NCNitLxkzTU28rTqYotHAG
H1Skeqip1QkjUNGK5NXPTYajbGhz7md4K6omZsWEALTH,10.48%,$-149.39,"$7,363.50",35.82%,41.63%,[],https://gmgn.ai/sol/address/H1Skeqip1QkjUNGK5NXPTYajbGhz7md4K6omZsWEALTH
H6Nv3rv5ZTsCEDdgUSpgkpeMxxpytSLX5fBMrjJCY3Mq,-10.21%,"$-1,101.75","$-1,101.75",43.90%,43.90%,['fresh_wallet'],https://gmgn.ai/sol/address/H6Nv3rv5ZTsCEDdgUSpgkpeMxxpytSLX5fBMrjJCY3Mq
HF2Lw2tYs4B3y1iqz6iw2f4wTjrn14KppvAezcm7TAT3,15.88%,"$16,414.55","$86,463.47",41.86%,38.65%,[],https://gmgn.ai/sol/address/HF2Lw2tYs4B3y1iqz6iw2f4wTjrn14KppvAezcm7TAT3
Hb1vXmQLb9EUUHboXg661J8PCr2aJsgTeko9B81WPGTq,5.53%,"$6,144.01","$8,296.63",?,?,[],https://gmgn.ai/sol/address/Hb1vXmQLb9EUUHboXg661J8PCr2aJsgTeko9B81WPGTq
HfcKNq3i2fpd3Y2rWykDhF9bveiDgFvsYZVGATtbv1QL,22.83%,"$-2,592.58",$-70.92,22.22%,35.01%,[],https://gmgn.ai/sol/address/HfcKNq3i2fpd3Y2rWykDhF9bveiDgFvsYZVGATtbv1QL
HYgc9Fu9bUwmNRh5CAKwgzujkYNjEqvrAMg8dS9qogu3,11.84%,"$2,939.63","$4,250.62",?,?,[],https://gmgn.ai/sol/address/HYgc9Fu9bUwmNRh5CAKwgzujkYNjEqvrAMg8dS9qogu3
HdPdw4rFNGMhUo3KFc7yyuKTfpcPYPnXZKc7w3b4kwic,-2.10%,$72.52,$-77.32,?,?,[],https://gmgn.ai/sol/address/HdPdw4rFNGMhUo3KFc7yyuKTfpcPYPnXZKc7w3b4kwic
HrjvAsADsP67ZDtdzJFctXJ2UYxSWNiALR6qPQdFbRuf,9.67%,"$3,033.64","$9,051.58",65.31%,52.77%,[],https://gmgn.ai/sol/address/HrjvAsADsP67ZDtdzJFctXJ2UYxSWNiALR6qPQdFbRuf
HaLeeDAwrM61Rcfw7qx8ksJ3MmTzGYYBgV4rkatMysGG,-9.04%,$-245.35,$-245.35,?,?,[],https://gmgn.ai/sol/address/HaLeeDAwrM61Rcfw7qx8ksJ3MmTzGYYBgV4rkatMysGG
HuwLeDSpV8PPfig9usvkBP2GPCqLzo9rcCPdVp1dvu8C,15.33%,"$1,748.80","$9,353.79",25.71%,35.51%,[],https://gmgn.ai/sol/address/HuwLeDSpV8PPfig9usvkBP2GPCqLzo9rcCPdVp1dvu8C
HvHwhtzegTKRnSpnC5YWH8wh2kvfE4KJ3awLYBRzAqZE,-0.09%,$-821.23,$-42.85,30.86%,28.33%,[],https://gmgn.ai/sol/address/HvHwhtzegTKRnSpnC5YWH8wh2kvfE4KJ3awLYBRzAqZE
J1YpUnsC85hUPaA6yJVsTPcVfnBA6Y51iaJ9J3faTBMX,-17.38%,"$-2,113.45","$-11,263.80",?,?,[],https://gmgn.ai/sol/address/J1YpUnsC85hUPaA6yJVsTPcVfnBA6Y51iaJ9J3faTBMX
HzYgRfLmh3EpSrqc8dc6WgQCpnPHrNEzx78PNMZrn5mo,-4.16%,"$-1,752.32","$-38,945.36",?,?,[],https://gmgn.ai/sol/address/HzYgRfLmh3EpSrqc8dc6WgQCpnPHrNEzx78PNMZrn5mo
S7fY2zn9hzXoN9jmXZv7AS6Y7a68G6k3tzd5DrsM9aH,-25.15%,$-257.72,$-257.72,?,?,[],https://gmgn.ai/sol/address/S7fY2zn9hzXoN9jmXZv7AS6Y7a68G6k3tzd5DrsM9aH
JASNTquz6YaRD3cQ23uhSBzEiXCjbNs6X749NbvvZftx,6.28%,$-719.66,"$7,616.63",42.59%,55.43%,[],https://gmgn.ai/sol/address/JASNTquz6YaRD3cQ23uhSBzEiXCjbNs6X749NbvvZftx
RgyXbqPzr2qqLJq8oRhZh4fFGuxPrPmysfiXqmjMET5,2.16%,$805.60,$718.97,?,?,[],https://gmgn.ai/sol/address/RgyXbqPzr2qqLJq8oRhZh4fFGuxPrPmysfiXqmjMET5
ToGndKxr9B31xD3wyra9AtPhKVbJCrF1CAtZurLFHgW,26.37%,"$6,782.78","$25,506.10",37.81%,38.42%,[],https://gmgn.ai/sol/address/ToGndKxr9B31xD3wyra9AtPhKVbJCrF1CAtZurLFHgW
M6EfgvAeYu61Hdxo76wiadNGvRG6JDmbF1xjSKDm63b,-19.06%,$-863.08,"$-1,461.03",?,?,[],https://gmgn.ai/sol/address/M6EfgvAeYu61Hdxo76wiadNGvRG6JDmbF1xjSKDm63b
J9ZvZzYCCgLmffiX2mpFySG6KCLJPCSaKciZ5NivH6aU,32.03%,$-434.68,$-649.26,?,?,[],https://gmgn.ai/sol/address/J9ZvZzYCCgLmffiX2mpFySG6KCLJPCSaKciZ5NivH6aU
T8LtHWi48wxkwQafvSfTSfh8ubLGMC7zcPYS6RCKxyB,-3.87%,$-136.84,$-136.84,?,?,[],https://gmgn.ai/sol/address/T8LtHWi48wxkwQafvSfTSfh8ubLGMC7zcPYS6RCKxyB
U53gmRk5wv5XvFJbybj1bFS7UxkZ7vqZ6wAqTFQDPEa,7.14%,"$-1,856.51","$8,352.74",?,?,[],https://gmgn.ai/sol/address/U53gmRk5wv5XvFJbybj1bFS7UxkZ7vqZ6wAqTFQDPEa
dexvcNUf31JyHkxcsceWpqGErhXe5Eu5QWLe993m1Pu,-0.59%,"$-2,862.93","$-4,559.43",44.24%,44.14%,[],https://gmgn.ai/sol/address/dexvcNUf31JyHkxcsceWpqGErhXe5Eu5QWLe993m1Pu
XGRQj7rcwu7mWSg2kvYqeGpEWWLEtdvmhCufqNR1eS2,14.79%,"$5,186.75","$14,247.60",59.46%,61.54%,[],https://gmgn.ai/sol/address/XGRQj7rcwu7mWSg2kvYqeGpEWWLEtdvmhCufqNR1eS2
b8iUZsRwdyEa2jEYfBuT3jM3v7zueaTuSBdiirtiC8U,-3.45%,"$-1,391.36","$-4,398.45",39.13%,35.40%,[],https://gmgn.ai/sol/address/b8iUZsRwdyEa2jEYfBuT3jM3v7zueaTuSBdiirtiC8U
ewKUDtQCxdYX8YQMBPTPc6qGiaX6PBF5ocDGLTy5DDg,7.81%,"$1,051.47","$1,795.92",39.53%,42.29%,[],https://gmgn.ai/sol/address/ewKUDtQCxdYX8YQMBPTPc6qGiaX6PBF5ocDGLTy5DDg
f4FmcovpmcmsMkWoNuR8axDL8inWPsfnjmEZ7v6G2rn,12.52%,"$3,518.05","$3,982.02",?,?,[],https://gmgn.ai/sol/address/f4FmcovpmcmsMkWoNuR8axDL8inWPsfnjmEZ7v6G2rn
nTwhBRNNxxXcKR7F4Yi7g83fADzJiy3BXXv6epwyHeh,-13.81%,"$-3,255.11","$-4,265.45",31.75%,32.43%,[],https://gmgn.ai/sol/address/nTwhBRNNxxXcKR7F4Yi7g83fADzJiy3BXXv6epwyHeh
wXJHCckwjoPvM9JnsMAJYPM9tTJYtzwXQCkWkFAqLwr,2.91%,"$1,401.72","$4,324.33",30.39%,33.07%,[],https://gmgn.ai/sol/address/wXJHCckwjoPvM9JnsMAJYPM9tTJYtzwXQCkWkFAqLwr
vxuBeepwxDpM2D4o6UoZVZkBQSTWEfp91Dcum1Sw3gq,-12.98%,$-443.98,"$-1,007.24",48.04%,46.53%,[],https://gmgn.ai/sol/address/vxuBeepwxDpM2D4o6UoZVZkBQSTWEfp91Dcum1Sw3gq
wv68DwfsBQDgQvLuePRLCTjbQ56iK4YP5mq3nNoFtkM,-15.25%,"$-3,846.92","$-13,522.59",?,?,[],https://gmgn.ai/sol/address/wv68DwfsBQDgQvLuePRLCTjbQ56iK4YP5mq3nNoFtkM
ySWAzzXVTGUwZzMYJvQaf4hYNDQyKSeFxRn3Nz9Fx3r,-29.79%,$-69.34,$-69.34,100.00%,100.00%,[],https://gmgn.ai/sol/address/ySWAzzXVTGUwZzMYJvQaf4hYNDQyKSeFxRn3Nz9Fx3r
tDhAa8FJrg2jf1io8sudMszVfcHBpjjVCHv8ThKpkE4,1.79%,"$1,081.02",$951.88,50.41%,43.33%,[],https://gmgn.ai/sol/address/tDhAa8FJrg2jf1io8sudMszVfcHBpjjVCHv8ThKpkE4
